{"cameraMode":{"drawMode":0,"name":"Shaded","section":"Shading Mode"},"sceneLighting":true,"audioPlay":false,"sceneViewState":{"m_AlwaysRefresh":false,"showFog":true,"showSkybox":true,"showFlares":true,"showImageEffects":true,"showParticleSystems":true,"showVisualEffectGraphs":true,"m_FxEnabled":false},"in2DMode":false,"pivot":{"x":10.384925842285157,"y":-3.100649833679199,"z":28.410226821899415},"rotation":{"x":0.20038428902626038,"y":0.22346888482570649,"z":-0.046988844871520999,"w":0.9527493119239807},"size":11.366189956665039,"orthographic":false}